# NumberResearch.org area code dataset. License CC BY 4.0. Underlying data: NANPA (nanpa.com), file date 09/17/2026. Retrieved via numberresearch.org/datasets
npa,kind,status,country,region,in_service_date,parent_npa,dialing_pattern
200,non_geographic,unassigned,,,,,
201,geographic,in_service,US,NJ,1947-01-01,,10D
202,geographic,in_service,US,DC,1947-01-01,,10D
203,geographic,in_service,US,CT,1947-01-01,,10D
204,geographic,in_service,CANADA,MANITOBA,1947-01-01,,10D
205,geographic,in_service,US,AL,1947-01-01,,10D
206,geographic,in_service,US,WA,1947-01-01,,10D
207,geographic,in_service,US,ME,1947-01-01,,7D
208,geographic,in_service,US,ID,1947-01-01,,10D
209,geographic,in_service,US,CA,1958-01-01,415,1+10D
210,geographic,in_service,US,TX,1992-11-01,512,10D
211,non_geographic,not_assignable,,,,,
212,geographic,in_service,US,NY,1947-01-01,,1+10D
213,geographic,in_service,US,CA,1947-01-01,,1+10D
214,geographic,in_service,US,TX,1947-01-01,,10D
215,geographic,in_service,US,PA,1947-01-01,,10D
216,geographic,in_service,US,OH,1947-01-01,,7D
217,geographic,in_service,US,IL,1947-01-01,,10D
218,geographic,in_service,US,MN,1947-01-01,,10D
219,geographic,in_service,US,IN,1948-01-01,,10D
220,geographic,in_service,US,OH,2015-04-22,740,10D
221,geographic,unassigned,,,,,
222,non_geographic,unassigned,,,,,
223,geographic,in_service,US,PA,2017-09-26,717,10D
224,geographic,in_service,US,IL,2002-01-05,847,1+10D
225,geographic,in_service,US,LA,1998-08-17,504,7D
226,geographic,in_service,CANADA,ONTARIO,2006-10-21,519,10D
227,geographic,in_service,US,MD,2023-06-14,301,10D
228,geographic,in_service,US,MS,1997-09-15,601,7D
229,geographic,in_service,US,GA,2000-08-01,912,7D
230,geographic,unassigned,,,,,
231,geographic,in_service,US,MI,1999-06-05,616,7D
232,geographic,reserved,,,,,
233,non_geographic,unassigned,,,,,
234,geographic,in_service,US,OH,2000-10-30,330,10D
235,geographic,in_service,US,MO,2024-03-24,573,10D
236,geographic,in_service,CANADA,BRITISH COLUMBIA,2013-06-01,604,10D
237,geographic,reserved,,,,,
238,geographic,unassigned,,,,,
239,geographic,in_service,US,FL,2002-03-11,941,7D
240,geographic,in_service,US,MD,1997-06-01,301,10D
241,geographic,unassigned,,,,,
242,geographic,in_service,BAHAMAS,BAHAMAS,1996-10-01,809,7D
243,geographic,unassigned,,,,,
244,non_geographic,unassigned,,,,,
245,geographic,reserved,,,,,
246,geographic,in_service,BARBADOS,BARBADOS,1996-07-01,809,7D
247,geographic,unassigned,,,,,
248,geographic,in_service,US,MI,1997-05-10,810,10D
249,geographic,in_service,CANADA,ONTARIO,2011-03-19,705,10D
250,geographic,in_service,CANADA,BRITISH COLUMBIA,1996-10-19,604,10D
251,geographic,in_service,US,AL,2001-06-18,334,10D
252,geographic,in_service,US,NC,1998-03-22,919,7D
253,geographic,in_service,US,WA,1997-04-27,206,10D
254,geographic,in_service,US,TX,1997-05-25,817,10D
255,non_geographic,unassigned,,,,,
256,geographic,in_service,US,AL,1998-03-23,205,10D
257,geographic,in_service,CANADA,BRITISH COLUMBIA,2025-05-24,604,10D
258,geographic,unassigned,,,,,
259,geographic,unassigned,,,,,
260,geographic,in_service,US,IN,2002-01-15,219,7D
261,geographic,reserved,,,,,
262,geographic,in_service,US,WI,1999-09-25,414,10D
263,geographic,in_service,CANADA,QUEBEC,2022-10-22,514,10D
264,geographic,in_service,ANGUILLA,ANGUILLA,1997-03-31,809,7D
265,geographic,reserved,,,,,
266,non_geographic,unassigned,,,,,
267,geographic,in_service,US,PA,1999-07-01,215,10D
268,geographic,in_service,ANTIGUA/BARBUDA,ANTIGUA/BARBUDA,1996-04-01,809,7D
269,geographic,in_service,US,MI,2002-07-13,616,7D
270,geographic,in_service,US,KY,1999-04-19,502,10D
271,geographic,unassigned,,,,,
272,geographic,in_service,US,PA,2013-10-21,570,10D
273,geographic,planned,CANADA,QUEBEC,2027-02-27,418,10D
274,geographic,in_service,US,WI,2023-05-05,920,10D
275,geographic,unassigned,,,,,
276,geographic,in_service,US,VA,2001-09-01,540,10D
277,non_geographic,unassigned,,,,,
278,geographic,reserved,,,,,
279,geographic,in_service,US,CA,2018-03-10,916,1+10D
280,geographic,reserved,,,,,
281,geographic,in_service,US,TX,1996-11-02,713,10D
282,geographic,unassigned,,,,,
283,geographic,in_service,US,OH,2023-04-28,513,10D
284,geographic,in_service,BRITISH VIRGIN ISLANDS,BRITISH VIRGIN ISLANDS,1997-10-01,809,7D
285,geographic,unassigned,,,,,
286,geographic,unassigned,,,,,
287,geographic,reserved,,,,,
288,non_geographic,unassigned,,,,,
289,geographic,in_service,CANADA,ONTARIO,2001-06-09,905,10D
290,non_geographic,reserved,,,,,
291,non_geographic,reserved,,,,,
292,non_geographic,reserved,,,,,
293,non_geographic,reserved,,,,,
294,non_geographic,reserved,,,,,
295,non_geographic,reserved,,,,,
296,non_geographic,reserved,,,,,
297,non_geographic,reserved,,,,,
298,non_geographic,reserved,,,,,
299,non_geographic,reserved,,,,,
300,non_geographic,unassigned,,,,,
301,geographic,in_service,US,MD,1947-01-01,,10D
302,geographic,in_service,US,DE,1947-01-01,,10D
303,geographic,in_service,US,CO,1947-01-01,,10D
304,geographic,in_service,US,WV,1947-01-01,,10D
305,geographic,in_service,US,FL,1947-01-01,,10D
306,geographic,in_service,CANADA,SASKATCHEWAN,1947-01-01,,10D
307,geographic,in_service,US,WY,1947-01-01,,7D
308,geographic,in_service,US,NE,1955-01-01,,7D
309,geographic,in_service,US,IL,1957-01-01,,10D
310,geographic,in_service,US,CA,1991-11-02,213,1+10D
311,non_geographic,not_assignable,,,,,
312,geographic,in_service,US,IL,1947-01-01,,1+10D
313,geographic,in_service,US,MI,1947-01-01,313,10D
314,geographic,in_service,US,MO,1947-01-01,,10D
315,geographic,in_service,US,NY,1947-01-01,,10D
316,geographic,in_service,US,KS,1947-01-01,,7D
317,geographic,in_service,US,IN,1947-01-01,,10D
318,geographic,in_service,US,LA,1957-01-01,,10D
319,geographic,in_service,US,IA,1947-01-01,,10D
320,geographic,in_service,US,MN,1996-03-17,612,7D
321,geographic,in_service,US,FL,1999-11-01,407,10D
322,non_geographic,unassigned,,,,,
323,geographic,in_service,US,CA,1998-06-13,213,1+10D
324,geographic,in_service,US,FL,2024-02-26,904,10D
325,geographic,in_service,US,TX,2003-04-05,915,7D
326,geographic,in_service,US,OH,2020-03-08,937,10D
327,geographic,in_service,US,AR,2024-02-20,870,10D
328,geographic,unassigned,,,,,
329,geographic,in_service,US,NY,2023-03-24,845,10D
330,geographic,in_service,US,OH,1996-03-09,216,10D
331,geographic,in_service,US,IL,2007-10-07,630,1+10D
332,geographic,in_service,US,NY,2017-06-10,212,1+10D
333,non_geographic,unassigned,,,,,
334,geographic,in_service,US,AL,1995-01-15,205,10D
335,geographic,unassigned,,,,,
336,geographic,in_service,US,NC,1997-12-15,910,10D
337,geographic,in_service,US,LA,1999-10-11,318,10D
338,geographic,unassigned,,,,,
339,geographic,in_service,US,MA,2001-05-02,781,10D
340,geographic,in_service,US,VI,1997-06-01,809,7D
341,geographic,in_service,US,CA,2019-07-22,510,1+10D
342,geographic,unassigned,,,,,
343,geographic,in_service,CANADA,ONTARIO,2010-05-17,613,10D
344,non_geographic,unassigned,,,,,
345,geographic,in_service,CAYMAN ISLANDS,CAYMAN ISLANDS,1996-09-01,809,7D
346,geographic,in_service,US,TX,2014-07-01,832,10D
347,geographic,in_service,US,NY,1999-10-01,718,1+10D
348,geographic,unassigned,,,,,
349,geographic,unassigned,,,,,
350,geographic,in_service,US,CA,2022-11-28,209,1+10D
351,geographic,in_service,US,MA,2001-05-02,978,10D
352,geographic,in_service,US,FL,1995-12-03,904,10D
353,geographic,in_service,US,WI,2023-09-15,608,10D
354,geographic,in_service,CANADA,QUEBEC,2022-10-22,450,10D
355,non_geographic,unassigned,,,,,
356,geographic,unassigned,,,,,
357,geographic,in_service,US,CA,2025-03-26,559,1+10D
358,geographic,unassigned,,,,,
359,geographic,reserved,,,,,
360,geographic,in_service,US,WA,1995-01-15,206,10D
361,geographic,in_service,US,TX,1999-02-13,512,10D
362,geographic,unassigned,,,,,
363,geographic,in_service,US,NY,2023-01-20,516,10D
364,geographic,in_service,US,KY,2014-03-03,270,10D
365,geographic,in_service,CANADA,ONTARIO,2013-03-25,905,10D
366,non_geographic,unassigned,,,,,
367,geographic,in_service,CANADA,QUEBEC,2018-11-24,581,10D
368,geographic,in_service,CANADA,ALBERTA,2022-04-23,825,10D
369,geographic,in_service,US,CA,2023-02-01,707,1+10D
370,non_geographic,reserved,,,,,
371,non_geographic,reserved,,,,,
372,non_geographic,reserved,,,,,
373,non_geographic,reserved,,,,,
374,non_geographic,reserved,,,,,
375,non_geographic,reserved,,,,,
376,non_geographic,reserved,,,,,
377,non_geographic,reserved,,,,,
378,non_geographic,reserved,,,,,
379,non_geographic,reserved,,,,,
380,geographic,in_service,US,OH,2016-02-27,614,10D
381,geographic,reserved,,,,,
382,geographic,in_service,CANADA,ONTARIO,2023-06-17,519,10D
383,geographic,unassigned,,,,,
384,geographic,reserved,,,,,
385,geographic,in_service,US,UT,2009-03-29,801,10D
386,geographic,in_service,US,FL,2001-02-15,904,7D
387,geographic,reserved,CANADA,,,,
388,non_geographic,unassigned,,,,,
389,geographic,reserved,,,,,
390,non_geographic,reserved,,,,,
391,non_geographic,reserved,,,,,
392,non_geographic,reserved,,,,,
393,non_geographic,reserved,,,,,
394,non_geographic,reserved,,,,,
395,non_geographic,reserved,,,,,
396,non_geographic,reserved,,,,,
397,non_geographic,reserved,,,,,
398,non_geographic,reserved,,,,,
399,non_geographic,reserved,,,,,
400,non_geographic,unassigned,,,,,
401,geographic,in_service,US,RI,1947-01-01,,7D
402,geographic,in_service,US,NE,1947-01-01,,10D
403,geographic,in_service,CANADA,ALBERTA,1947-01-01,,10D
404,geographic,in_service,US,GA,1947-01-01,,10D
405,geographic,in_service,US,OK,1947-01-01,,10D
406,geographic,in_service,US,MT,1947-01-01,,10D
407,geographic,in_service,US,FL,1988-04-16,305,10D
408,geographic,in_service,US,CA,1959-01-01,415,1+10D
409,geographic,in_service,US,TX,1982-11-01,713,10D
410,geographic,in_service,US,MD,1991-10-06,301,10D
411,non_geographic,not_assignable,,,,,
412,geographic,in_service,US,PA,1947-01-01,,10D
413,geographic,in_service,US,MA,1947-01-01,,7D
414,geographic,in_service,US,WI,1947-01-01,,10D
415,geographic,in_service,US,CA,1947-01-01,,1+10D
416,geographic,in_service,CANADA,ONTARIO,1947-01-01,,10D
417,geographic,in_service,US,MO,1950-01-01,,10D
418,geographic,in_service,CANADA,QUEBEC,1947-01-01,,10D
419,geographic,in_service,US,OH,1947-01-01,,10D
420,geographic,reserved,,,,,
421,geographic,reserved,,,,,
422,non_geographic,unassigned,,,,,
423,geographic,in_service,US,TN,1995-09-11,615,10D
424,geographic,in_service,US,CA,2006-08-26,310,1+10D
425,geographic,in_service,US,WA,1997-04-27,206,10D
426,geographic,reserved,,,,,
427,geographic,unassigned,,,,,
428,geographic,in_service,CANADA,NEW BRUNSWICK,2023-04-29,506,10D
429,geographic,reserved,,,,,
430,geographic,in_service,US,TX,2003-02-15,903,10D
431,geographic,in_service,CANADA,MANITOBA,2012-11-03,204,10D
432,geographic,in_service,US,TX,2003-04-05,915,7D
433,non_geographic,unassigned,,,,,
434,geographic,in_service,US,VA,2001-06-01,804,7D
435,geographic,in_service,US,UT,1997-09-21,801,7D
436,geographic,in_service,US,OH,2024-03-01,440,10D
437,geographic,in_service,CANADA,ONTARIO,2013-03-25,416,10D
438,geographic,in_service,CANADA,QUEBEC,2006-11-04,514,10D
439,geographic,unassigned,,,,,
440,geographic,in_service,US,OH,1997-08-16,216,10D
441,geographic,in_service,BERMUDA,BERMUDA,1995-10-01,809,7D
442,geographic,in_service,US,CA,2009-11-21,760,1+10D
443,geographic,in_service,US,MD,1997-06-01,410,10D
444,non_geographic,unassigned,,,,,
445,geographic,in_service,US,PA,2018-03-03,267,10D
446,geographic,unassigned,,,,,
447,geographic,in_service,US,IL,2021-03-27,217,10D
448,geographic,in_service,US,FL,2021-06-22,850,10D
449,geographic,reserved,,,,,
450,geographic,in_service,CANADA,QUEBEC,1998-06-13,514,10D
451,geographic,reserved,,,,,
452,geographic,unassigned,,,,,
453,geographic,reserved,,,,,
454,geographic,unassigned,,,,,
455,non_geographic,unassigned,,,,,
456,geographic,unassigned,,,,,
457,geographic,in_service,US,LA,2025-09-25,318,10D
458,geographic,in_service,US,OR,2010-02-10,541,10D
459,geographic,reserved,,,,,
460,geographic,reserved,CANADA,,,,
461,geographic,unassigned,,,,,
462,geographic,reserved,,,,,
463,geographic,in_service,US,IN,2016-11-15,317,10D
464,geographic,in_service,US,IL,2022-01-21,708,1+10D
465,geographic,in_service,US,NY,2026-06-18,718,1+10D
466,non_geographic,unassigned,,,,,
467,geographic,unassigned,,,,,
468,geographic,in_service,CANADA,QUEBEC,2022-10-22,819,10D
469,geographic,in_service,US,TX,1999-07-01,214,10D
470,geographic,in_service,US,GA,2010-02-26,678,10D
471,geographic,in_service,US,MS,2026-01-30,662,10D
472,geographic,in_service,US,NC,2022-10-07,910,10D
473,geographic,in_service,GRENADA,GRENADA,1997-10-31,809,7D
474,geographic,in_service,CANADA,SASKATCHEWAN,2021-10-02,639,10D
475,geographic,in_service,US,CT,2009-12-12,203,10D
476,geographic,reserved,,,,,
477,non_geographic,unassigned,,,,,
478,geographic,in_service,US,GA,2000-08-01,912,10D
479,geographic,in_service,US,AR,2002-01-19,501,7D
480,geographic,in_service,US,AZ,1999-03-01,602,10D
481,geographic,reserved,,,,,
482,geographic,unassigned,,,,,
483,geographic,in_service,US,AL,2026-02-23,334,10D
484,geographic,in_service,US,PA,1999-06-05,610,10D
485,geographic,unassigned,,,,,
486,geographic,unassigned,,,,,
487,geographic,reserved,CANADA,,,,
488,non_geographic,unassigned,,,,,
489,geographic,unassigned,,,,,
490,non_geographic,reserved,,,,,
491,non_geographic,reserved,,,,,
492,non_geographic,reserved,,,,,
493,non_geographic,reserved,,,,,
494,non_geographic,reserved,,,,,
495,non_geographic,reserved,,,,,
496,non_geographic,reserved,,,,,
497,non_geographic,reserved,,,,,
498,non_geographic,reserved,,,,,
499,non_geographic,reserved,,,,,
500,non_geographic,in_service,US,,1994-05-19,500,NA
501,geographic,in_service,US,AR,1947-01-01,,10D
502,geographic,in_service,US,KY,1947-01-01,,7D
503,geographic,in_service,US,OR,1947-01-01,,10D
504,geographic,in_service,US,LA,1947-01-01,,10D
505,geographic,in_service,US,NM,1947-01-01,,10D
506,geographic,in_service,CANADA,NEW BRUNSWICK,1955-01-01,,10D
507,geographic,in_service,US,MN,1954-01-01,,10D
508,geographic,in_service,US,MA,1988-07-16,617,10D
509,geographic,in_service,US,WA,1957-01-01,,10D
510,geographic,in_service,US,CA,1991-09-02,415,1+10D
511,non_geographic,not_assignable,,,,,
512,geographic,in_service,US,TX,1947-01-01,,10D
513,geographic,in_service,US,OH,1947-01-01,,10D
514,geographic,in_service,CANADA,QUEBEC,1947-01-01,,10D
515,geographic,in_service,US,IA,1947-01-01,,10D
516,geographic,in_service,US,NY,1951-01-01,914,10D
517,geographic,in_service,US,MI,1947-01-01,,7D
518,geographic,in_service,US,NY,1947-01-01,,10D
519,geographic,in_service,CANADA,ONTARIO,1953-01-01,,10D
520,geographic,in_service,US,AZ,1995-03-19,602,10D
521,non_geographic,in_service,US,,2017-09-21,500,NA
522,non_geographic,in_service,US,,2016-08-01,500,NA
523,non_geographic,in_service,US,,2018-11-13,500,NA
524,non_geographic,in_service,US,,2019-07-12,500,NA
525,non_geographic,in_service,US,,2020-07-13,500,NA
526,non_geographic,in_service,US,,2021-01-28,500,NA
527,non_geographic,in_service,US,,2021-09-29,500,NA
528,non_geographic,in_service,US,,2022-03-02,500,NA
529,non_geographic,in_service,US,,2022-09-16,500,NA
530,geographic,in_service,US,CA,1997-11-01,916,1+10D
531,geographic,in_service,US,NE,2011-03-26,402,10D
532,non_geographic,in_service,US,,2024-11-04,500,NA
533,non_geographic,in_service,US,,2009-09-26,500,NA
534,geographic,in_service,US,WI,2010-08-14,715,10D
535,non_geographic,reserved,,,,,
536,geographic,unassigned,,,,,
537,geographic,reserved,CANADA,,,,
538,non_geographic,in_service,US,,2025-10-28,500,NA
539,geographic,in_service,US,OK,2011-04-01,918,10D
540,geographic,in_service,US,VA,1995-07-15,703,10D
541,geographic,in_service,US,OR,1995-11-05,503,10D
542,non_geographic,in_service,US,,2026-05-26,500,NA
543,non_geographic,planned,,,,,
544,non_geographic,in_service,US,,2010-12-15,500,NA
545,non_geographic,reserved,,,,,
546,non_geographic,reserved,,,,,
547,non_geographic,reserved,,,,,
548,geographic,in_service,CANADA,ONTARIO,2016-06-04,226,10D
549,non_geographic,reserved,,,,,
550,non_geographic,reserved,,,,,
551,geographic,in_service,US,NJ,2001-12-29,201,10D
552,non_geographic,reserved,,,,,
553,non_geographic,reserved,,,,,
554,non_geographic,reserved,,,,,
555,non_geographic,not_assignable,,,,,
556,non_geographic,reserved,,,,,
557,geographic,in_service,US,MO,2022-08-12,314,10D
558,non_geographic,reserved,,,,,
559,geographic,in_service,US,CA,1998-11-14,209,1+10D
560,geographic,unassigned,,,,,
561,geographic,in_service,US,FL,1996-05-13,407,10D
562,geographic,in_service,US,CA,1997-01-25,310,1+10D
563,geographic,in_service,US,IA,2001-03-25,319,7D
564,geographic,in_service,US,WA,2017-08-28,360,10D
565,geographic,planned,US,GA,2027-12-06,912,10D
566,non_geographic,in_service,US,,2012-04-17,500,NA
567,geographic,in_service,US,OH,2002-01-01,419,10D
568,geographic,reserved,CANADA,,,,
569,non_geographic,reserved,,,,,
570,geographic,in_service,US,PA,1998-12-05,717,10D
571,geographic,in_service,US,VA,2000-03-01,703,10D
572,geographic,in_service,US,OK,2021-05-24,405,10D
573,geographic,in_service,US,MO,1996-01-07,314,10D
574,geographic,in_service,US,IN,2002-01-15,219,10D
575,geographic,in_service,US,NM,2007-10-07,505,10D
576,geographic,unassigned,,,,,
577,non_geographic,in_service,US,,2014-03-27,500,NA
578,non_geographic,reserved,,,,,
579,geographic,in_service,CANADA,QUEBEC,2010-08-21,450,10D
580,geographic,in_service,US,OK,1997-11-01,405,7D
581,geographic,in_service,CANADA,QUEBEC,2008-09-19,418,10D
582,geographic,in_service,US,PA,2021-05-01,814,10D
583,geographic,reserved,,,,,
584,geographic,in_service,CANADA,MANITOBA,2022-10-29,204,10D
585,geographic,in_service,US,NY,2001-11-15,716,7D
586,geographic,in_service,US,MI,2001-09-22,810,7D
587,geographic,in_service,CANADA,ALBERTA,2008-09-19,780,10D
588,non_geographic,in_service,US,,2015-09-09,500,NA
589,non_geographic,reserved,,,,,
590,non_geographic,reserved,,,,,
591,non_geographic,reserved,,,,,
592,non_geographic,reserved,,,,,
593,non_geographic,reserved,,,,,
594,non_geographic,reserved,,,,,
595,non_geographic,reserved,,,,,
596,non_geographic,reserved,,,,,
597,non_geographic,reserved,,,,,
598,non_geographic,reserved,,,,,
599,non_geographic,reserved,,,,,
600,non_geographic,in_service,CANADA,,1993-10-01,,NA
601,geographic,in_service,US,MS,1947-01-01,,10D
602,geographic,in_service,US,AZ,1947-01-01,,10D
603,geographic,in_service,US,NH,1947-01-01,,10D
604,geographic,in_service,CANADA,BRITISH COLUMBIA,1947-01-01,,10D
605,geographic,in_service,US,SD,1947-01-01,,10D
606,geographic,in_service,US,KY,1955-01-01,,7D
607,geographic,in_service,US,NY,1954-01-01,,10D
608,geographic,in_service,US,WI,1955-01-01,,10D
609,geographic,in_service,US,NJ,1957-01-01,201,10D
610,geographic,in_service,US,PA,1994-01-08,215,10D
611,non_geographic,not_assignable,,,,,
612,geographic,in_service,US,MN,1947-01-01,,7D
613,geographic,in_service,CANADA,ONTARIO,1947-01-01,,10D
614,geographic,in_service,US,OH,1947-01-01,,10D
615,geographic,in_service,US,TN,1954-01-01,,10D
616,geographic,in_service,US,MI,1947-01-01,,10D
617,geographic,in_service,US,MA,1947-01-01,,10D
618,geographic,in_service,US,IL,1947-01-01,,10D
619,geographic,in_service,US,CA,1982-01-01,714,1+10D
620,geographic,in_service,US,KS,2001-02-03,316,10D
621,geographic,in_service,US,TX,2025-01-23,346,10D
622,non_geographic,in_service,CANADA,,2015-03-23,,NA
623,geographic,in_service,US,AZ,1999-03-01,602,10D
624,geographic,in_service,US,NY,2023-11-16,716,10D
625,geographic,reserved,,,,,
626,geographic,in_service,US,CA,1997-06-14,818,1+10D
627,geographic,reserved,,,,,
628,geographic,in_service,US,CA,2015-03-21,415,1+10D
629,geographic,in_service,US,TN,2015-03-28,615,10D
630,geographic,in_service,US,IL,1996-08-03,708,1+10D
631,geographic,in_service,US,NY,1999-11-01,516,10D
632,geographic,unassigned,,,,,
633,non_geographic,in_service,CANADA,,2023-05-15,,NA
634,geographic,reserved,,,,,
635,geographic,unassigned,,,,,
636,geographic,in_service,US,MO,1999-05-22,314,7D
637,geographic,unassigned,,,,,
638,geographic,unassigned,,,,,
639,geographic,in_service,CANADA,SASKATCHEWAN,2013-05-25,306,10D
640,geographic,in_service,US,NJ,2018-09-17,609,10D
641,geographic,in_service,US,IA,2000-07-09,515,7D
642,geographic,unassigned,,,,,
643,geographic,unassigned,,,,,
644,non_geographic,reserved,,,,,
645,geographic,in_service,US,FL,2023-08-04,305,10D
646,geographic,in_service,US,NY,1999-07-01,212,1+10D
647,geographic,in_service,CANADA,ONTARIO,2001-03-05,416,10D
648,geographic,unassigned,,,,,
649,geographic,in_service,TURKS & CAICOS ISLANDS,TURKS & CAICOS ISLANDS,1997-06-01,809,7D
650,geographic,in_service,US,CA,1997-08-02,415,1+10D
651,geographic,in_service,US,MN,1998-07-12,612,7D
652,geographic,unassigned,,,,,
653,geographic,unassigned,,,,,
654,geographic,unassigned,,,,,
655,non_geographic,reserved,,,,,
656,geographic,in_service,US,FL,2022-02-22,813,10D
657,geographic,in_service,US,CA,2008-09-23,714,1+10D
658,geographic,in_service,JAMAICA,JAMAICA,2019-04-30,876,10D
659,geographic,in_service,US,AL,2019-11-12,205,10D
660,geographic,in_service,US,MO,1997-10-12,816,10D
661,geographic,in_service,US,CA,1999-02-13,805,7D
662,geographic,in_service,US,MS,1999-04-19,601,10D
663,geographic,unassigned,,,,,
664,geographic,in_service,MONTSERRAT,MONTSERRAT,1996-07-01,809,7D
665,geographic,reserved,,,,,
666,non_geographic,unassigned,,,,,
667,geographic,in_service,US,MD,2012-03-24,443,10D
668,geographic,unassigned,,,,,
669,geographic,in_service,US,CA,2012-11-20,408,1+10D
670,geographic,in_service,US,CNMI,1997-07-01,,7D
671,geographic,in_service,US,GU,1997-07-01,,10D
672,geographic,in_service,CANADA,BRITISH COLUMBIA,2013-06-01,604,10D
673,geographic,reserved,,,,,
674,geographic,unassigned,,,,,
675,geographic,unassigned,,,,,
676,geographic,reserved,,,,,
677,non_geographic,reserved,,,,,
678,geographic,in_service,US,GA,1998-01-06,470,10D
679,geographic,in_service,US,MI,2025-11-07,313,10D
680,geographic,in_service,US,NY,2017-03-11,315,10D
681,geographic,in_service,US,WV,2009-03-28,304,10D
682,geographic,in_service,US,TX,2000-10-07,817,10D
683,geographic,in_service,CANADA,ONTARIO,2022-06-18,705,10D
684,geographic,in_service,US,AS,2004-10-02,,7D
685,geographic,unassigned,,,,,
686,geographic,in_service,US,VA,2024-02-01,804,10D
687,geographic,reserved,,,,,
688,non_geographic,reserved,,,,,
689,geographic,in_service,US,FL,2019-06-04,407,10D
690,non_geographic,reserved,,,,,
691,non_geographic,reserved,,,,,
692,non_geographic,reserved,,,,,
693,non_geographic,reserved,,,,,
694,non_geographic,reserved,,,,,
695,non_geographic,reserved,,,,,
696,non_geographic,reserved,,,,,
697,non_geographic,reserved,,,,,
698,non_geographic,reserved,,,,,
699,non_geographic,reserved,,,,,
700,non_geographic,in_service,,,1984-01-01,,NA
701,geographic,in_service,US,ND,1947-01-01,,7D
702,geographic,in_service,US,NV,1947-01-01,,10D
703,geographic,in_service,US,VA,1947-01-01,,10D
704,geographic,in_service,US,NC,1947-01-01,,10D
705,geographic,in_service,CANADA,ONTARIO,1957-01-01,,10D
706,geographic,in_service,US,GA,1992-05-03,404,10D
707,geographic,in_service,US,CA,1959-01-01,415,1+10D
708,geographic,in_service,US,IL,1989-11-11,312,1+10D
709,geographic,in_service,CANADA,NEWFOUNDLAND AND LABRADOR,1962-01-01,,10D
710,non_geographic,in_service,US,,1984-01-01,,NA
711,non_geographic,not_assignable,,,,,
712,geographic,in_service,US,IA,1947-01-01,,7D
713,geographic,in_service,US,TX,1947-01-01,,10D
714,geographic,in_service,US,CA,1951-01-01,213,1+10D
715,geographic,in_service,US,WI,1947-01-01,,10D
716,geographic,in_service,US,NY,1947-01-01,,10D
717,geographic,in_service,US,PA,1947-01-01,,10D
718,geographic,in_service,US,NY,1984-09-01,212,1+10D
719,geographic,in_service,US,CO,1988-03-05,303,10D
720,geographic,in_service,US,CO,1998-06-01,303,10D
721,geographic,in_service,SINT MAARTEN,SINT MAARTEN,2011-09-30,,7D
722,non_geographic,unassigned,,,,,
723,geographic,reserved,,,,,
724,geographic,in_service,US,PA,1998-02-01,412,10D
725,geographic,in_service,US,NV,2014-06-03,702,10D
726,geographic,in_service,US,TX,2017-10-23,210,10D
727,geographic,in_service,US,FL,1998-07-01,813,7D
728,geographic,in_service,US,FL,2023-03-10,561,10D
729,geographic,in_service,US,TN,2025-09-05,423,10D
730,geographic,in_service,US,IL,2023-07-07,618,10D
731,geographic,in_service,US,TN,2001-02-12,901,10D
732,geographic,in_service,US,NJ,1997-06-01,908,10D
733,non_geographic,unassigned,,,,,
734,geographic,suspended,US,MI,1997-12-13,313,7D
735,geographic,unassigned,,,,,
736,geographic,unassigned,,,,,
737,geographic,in_service,US,TX,2013-07-01,512,10D
738,geographic,in_service,US,CA,2024-11-01,323,1+10D
739,geographic,unassigned,,,,,
740,geographic,in_service,US,OH,1997-12-06,614,10D
741,geographic,reserved,,,,,
742,geographic,in_service,CANADA,ONTARIO,2021-10-16,905,10D
743,geographic,in_service,US,NC,2016-05-23,336,10D
744,non_geographic,unassigned,,,,,
745,geographic,unassigned,,,,,
746,geographic,unassigned,,,,,
747,geographic,in_service,US,CA,2009-05-18,818,1+10D
748,geographic,in_service,US,CO,2025-07-07,970,10D
749,geographic,unassigned,,,,,
750,geographic,reserved,,,,,
751,geographic,unassigned,,,,,
752,geographic,reserved,,,,,
753,geographic,in_service,CANADA,ONTARIO,2022-03-26,613,10D
754,geographic,in_service,US,FL,2001-08-01,954,10D
755,non_geographic,unassigned,,,,,
756,geographic,unassigned,,,,,
757,geographic,in_service,US,VA,1996-07-01,804,10D
758,geographic,in_service,ST.LUCIA,ST. LUCIA,1996-07-01,809,7D
759,geographic,unassigned,,,,,
760,geographic,in_service,US,CA,1997-03-22,619,1+10D
761,geographic,planned,US,KY,,502,10D
762,geographic,in_service,US,GA,2006-05-16,706,10D
763,geographic,in_service,US,MN,2000-02-27,612,7D
764,geographic,unassigned,,,,,
765,geographic,in_service,US,IN,1997-02-01,317,7D
766,non_geographic,unassigned,,,,,
767,geographic,in_service,DOMINICA,DOMINICA,1997-10-01,809,7D
768,geographic,unassigned,,,,,
769,geographic,in_service,US,MS,2005-03-14,601,10D
770,geographic,in_service,US,GA,1995-08-01,404,10D
771,geographic,in_service,US,DC,2021-11-09,202,10D
772,geographic,in_service,US,FL,2002-02-11,561,7D
773,geographic,in_service,US,IL,1996-10-12,312,1+10D
774,geographic,in_service,US,MA,2001-05-02,508,10D
775,geographic,in_service,US,NV,1998-12-12,702,10D
776,geographic,unassigned,,,,,
777,non_geographic,unassigned,,,,,
778,geographic,in_service,CANADA,BRITISH COLUMBIA,2001-11-03,604,10D
779,geographic,in_service,US,IL,2007-03-17,815,1+10D
780,geographic,in_service,CANADA,ALBERTA,1999-05-18,,10D
781,geographic,in_service,US,MA,1997-09-01,617,10D
782,geographic,in_service,CANADA,NOVA SCOTIA - PRINCE EDWARD ISLAND,2014-11-30,902,10D
783,geographic,unassigned,,,,,
784,geographic,in_service,ST. VINCENT & GRENADINES,ST. VINCENT & GRENADINES,1998-06-01,809,7D
785,geographic,in_service,US,KS,1997-07-20,913,10D
786,geographic,in_service,US,FL,1998-03-01,305,10D
787,geographic,in_service,US,PR,1996-03-01,809,10D
788,non_geographic,unassigned,,,,,
789,geographic,unassigned,,,,,
790,non_geographic,reserved,,,,,
791,non_geographic,reserved,,,,,
792,non_geographic,reserved,,,,,
793,non_geographic,reserved,,,,,
794,non_geographic,reserved,,,,,
795,non_geographic,reserved,,,,,
796,non_geographic,reserved,,,,,
797,non_geographic,reserved,,,,,
798,non_geographic,reserved,,,,,
799,non_geographic,reserved,,,,,
800,toll_free,in_service,,,1966-01-01,,NA
801,geographic,in_service,US,UT,1947-01-01,,10D
802,geographic,in_service,US,VT,1947-01-01,,10D
803,geographic,in_service,US,SC,1947-01-01,,10D
804,geographic,in_service,US,VA,1973-06-24,,10D
805,geographic,in_service,US,CA,1957-01-01,213,1+10D
806,geographic,in_service,US,TX,1957-01-01,,10D
807,geographic,in_service,CANADA,ONTARIO,1962-01-01,,10D
808,geographic,in_service,US,HI,1957-01-01,,10D
809,geographic,in_service,DOMINICAN REPUBLIC,DOMINICAN REPUBLIC,1958-01-01,,10D
810,geographic,in_service,US,MI,1993-12-01,313,10D
811,non_geographic,not_assignable,,,,,
812,geographic,in_service,US,IN,1947-01-01,,10D
813,geographic,in_service,US,FL,1953-01-01,,10D
814,geographic,in_service,US,PA,1947-01-01,,10D
815,geographic,in_service,US,IL,1947-01-01,,1+10D
816,geographic,in_service,US,MO,1947-01-01,,10D
817,geographic,in_service,US,TX,1953-01-01,,10D
818,geographic,in_service,US,CA,1984-01-07,213,1+10D
819,geographic,in_service,CANADA,QUEBEC,1957-01-01,,10D
820,geographic,in_service,US,CA,2018-06-30,805,1+10D
821,geographic,in_service,US,SC,2024-08-19,864,10D
822,toll_free,planned,,,,,
823,geographic,reserved,,,,,
824,geographic,reserved,,,,,
825,geographic,in_service,CANADA,ALBERTA,2016-04-09,780,10D
826,geographic,in_service,US,VA,2022-06-14,540,10D
827,geographic,unassigned,,,,,
828,geographic,in_service,US,NC,1998-03-22,704,7D
829,geographic,in_service,DOMINICAN REPUBLIC,DOMINICAN REPUBLIC,2005-08-01,809,10D
830,geographic,in_service,US,TX,1997-07-07,210,10D
831,geographic,in_service,US,CA,1998-07-11,408,7D
832,geographic,in_service,US,TX,1999-01-16,713,10D
833,toll_free,in_service,,,2017-06-03,800,NA
834,geographic,unassigned,,,,,
835,geographic,in_service,US,PA,2022-09-02,484,10D
836,geographic,unassigned,,,,,
837,geographic,in_service,US,CA,2025-01-31,530,1+10D
838,geographic,in_service,US,NY,2017-09-19,518,10D
839,geographic,in_service,US,SC,2020-05-26,803,10D
840,geographic,in_service,US,CA,2021-02-23,909,1+10D
841,geographic,unassigned,,,,,
842,geographic,unassigned,,,,,
843,geographic,in_service,US,SC,1998-03-22,803,10D
844,toll_free,in_service,,,2013-12-07,800,NA
845,geographic,in_service,US,NY,2000-06-05,914,10D
846,geographic,unassigned,,,,,
847,geographic,in_service,US,IL,1996-01-20,708,1+10D
848,geographic,in_service,US,NJ,2001-12-29,732,10D
849,geographic,in_service,DOMINICAN REPUBLIC,DOMINICAN REPUBLIC,2009-07-01,809,10D
850,geographic,in_service,US,FL,1997-06-23,904,10D
851,geographic,reserved,CANADA,,,,
852,geographic,unassigned,,,,,
853,geographic,unassigned,,,,,
854,geographic,in_service,US,SC,2015-10-19,843,10D
855,toll_free,in_service,,,2010-10-09,800,NA
856,geographic,in_service,US,NJ,1999-06-12,609,10D
857,geographic,in_service,US,MA,2001-05-02,617,10D
858,geographic,in_service,US,CA,1999-06-12,619,1+10D
859,geographic,in_service,US,KY,2000-04-01,606,10D
860,geographic,in_service,US,CT,1995-08-28,203,10D
861,geographic,in_service,US,IL,2023-02-24,309,10D
862,geographic,in_service,US,NJ,2001-12-29,973,10D
863,geographic,in_service,US,FL,1999-09-20,941,7D
864,geographic,in_service,US,SC,1995-12-03,803,10D
865,geographic,in_service,US,TN,1999-11-01,423,10D
866,toll_free,in_service,,,2000-07-29,800,NA
867,geographic,in_service,CANADA,NORTHWEST TERRITORIES -YUKON - NUNAVUT,1997-10-21,403,10D
868,geographic,in_service,TRINIDAD & TOBAGO,TRINIDAD & TOBAGO,1997-06-01,809,7D
869,geographic,in_service,ST. KITTS & NEVIS,ST. KITTS & NEVIS,1996-10-01,809,7D
870,geographic,in_service,US,AR,1997-04-14,501,10D
871,geographic,reserved,CANADA,,,,
872,geographic,in_service,US,IL,2009-11-07,312,1+10D
873,geographic,in_service,CANADA,QUEBEC,2012-09-15,819,10D
874,geographic,unassigned,,,,,
875,geographic,unassigned,,,,,
876,geographic,in_service,JAMAICA,JAMAICA,1997-05-01,809,10D
877,toll_free,in_service,,,1998-04-04,800,NA
878,geographic,in_service,US,PA,2001-08-17,412,10D
879,geographic,in_service,CANADA,NEWFOUNDLAND AND LABRADOR,2024-02-17,709,10D
880,toll_free,reserved,,,,,
881,toll_free,reserved,,,,,
882,toll_free,reserved,,,,,
883,toll_free,reserved,,,,,
884,toll_free,reserved,,,,,
885,toll_free,reserved,,,,,
886,toll_free,reserved,,,,,
887,toll_free,reserved,,,,,
888,toll_free,in_service,,,1996-03-01,800,NA
889,toll_free,reserved,,,,,
890,non_geographic,reserved,,,,,
891,non_geographic,reserved,,,,,
892,non_geographic,reserved,,,,,
893,non_geographic,reserved,,,,,
894,non_geographic,reserved,,,,,
895,non_geographic,reserved,,,,,
896,non_geographic,reserved,,,,,
897,non_geographic,reserved,,,,,
898,non_geographic,reserved,,,,,
899,non_geographic,reserved,,,,,
900,premium,in_service,,,1971-01-01,,NA
901,geographic,in_service,US,TN,1947-01-01,,7D
902,geographic,in_service,CANADA,NOVA SCOTIA - PRINCE EDWARD ISLAND,1947-01-01,,10D
903,geographic,in_service,US,TX,1990-11-04,214,10D
904,geographic,in_service,US,FL,1965-07-11,,10D
905,geographic,in_service,CANADA,ONTARIO,1993-10-04,416,10D
906,geographic,in_service,US,MI,1961-03-19,,10D
907,geographic,in_service,US,AK,1957-01-01,,10D
908,geographic,in_service,US,NJ,1990-11-01,201,10D
909,geographic,in_service,US,CA,1992-11-14,714,1+10D
910,geographic,in_service,US,NC,1993-11-14,919,10D
911,non_geographic,not_assignable,,,,,
912,geographic,in_service,US,GA,1954-01-01,,10D
913,geographic,in_service,US,KS,1947-01-01,,7D
914,geographic,in_service,US,NY,1947-01-01,,10D
915,geographic,in_service,US,TX,1947-01-01,,10D
916,geographic,in_service,US,CA,1947-01-01,,1+10D
917,geographic,in_service,US,NY,1992-01-01,212,1+10D
918,geographic,in_service,US,OK,1953-01-01,,10D
919,geographic,in_service,US,NC,1954-01-01,,10D
920,geographic,in_service,US,WI,1997-07-26,414,10D
921,geographic,reserved,,,,,
922,non_geographic,unassigned,,,,,
923,geographic,reserved,,,,,
924,geographic,in_service,US,MN,2024-08-30,507,10D
925,geographic,in_service,US,CA,1998-03-14,510,1+10D
926,geographic,reserved,CANADA,,,,
927,geographic,unassigned,,,,,
928,geographic,in_service,US,AZ,2001-06-23,520,10D
929,geographic,in_service,US,NY,2011-04-16,347,1+10D
930,geographic,in_service,US,IN,2015-03-07,812,10D
931,geographic,in_service,US,TN,1997-09-15,615,7D
932,geographic,unassigned,,,,,
933,non_geographic,unassigned,,,,,
934,geographic,in_service,US,NY,2016-07-16,631,10D
935,geographic,unassigned,US,,,,
936,geographic,in_service,US,TX,2000-02-19,409,7D
937,geographic,in_service,US,OH,1996-09-28,513,10D
938,geographic,in_service,US,AL,2010-07-10,256,10D
939,geographic,in_service,US,PR,2001-09-15,787,10D
940,geographic,in_service,US,TX,1997-05-25,817,10D
941,geographic,in_service,US,FL,1995-05-28,813,10D
942,geographic,in_service,CANADA,ONTARIO,2025-04-26,416,10D
943,geographic,in_service,US,GA,2022-03-15,470,10D
944,non_geographic,unassigned,,,,,
945,geographic,in_service,US,TX,2021-01-15,214,10D
946,geographic,unassigned,,,,,
947,geographic,in_service,US,MI,2002-09-07,248,10D
948,geographic,in_service,US,VA,2022-05-09,757,10D
949,geographic,in_service,US,CA,1998-04-18,714,1+10D
950,non_geographic,not_assignable,,,,,
951,geographic,in_service,US,CA,2004-07-17,909,1+10D
952,geographic,in_service,US,MN,2000-02-27,612,10D
953,geographic,unassigned,,,,,
954,geographic,in_service,US,FL,1995-09-11,305,10D
955,non_geographic,unassigned,,,,,
956,geographic,in_service,US,TX,1997-07-07,210,7D
957,geographic,reserved,,,,,
958,geographic,unassigned,,,,,
959,geographic,in_service,US,CT,2014-08-30,860,10D
960,non_geographic,reserved,,,,,
961,non_geographic,reserved,,,,,
962,non_geographic,reserved,,,,,
963,non_geographic,reserved,,,,,
964,non_geographic,reserved,,,,,
965,non_geographic,reserved,,,,,
966,non_geographic,reserved,,,,,
967,non_geographic,reserved,,,,,
968,non_geographic,reserved,,,,,
969,non_geographic,reserved,,,,,
970,geographic,in_service,US,CO,1995-04-02,303,10D
971,geographic,in_service,US,OR,2000-10-01,503,10D
972,geographic,in_service,US,TX,1996-09-14,214,10D
973,geographic,in_service,US,NJ,1997-06-01,201,10D
974,geographic,unassigned,,,,,
975,geographic,in_service,US,MO,2023-10-13,816,10D
976,geographic,unassigned,,,,,
977,non_geographic,unassigned,,,,,
978,geographic,in_service,US,MA,1997-09-01,508,10D
979,geographic,in_service,US,TX,2000-02-19,409,7D
980,geographic,in_service,US,NC,2001-04-01,704,10D
981,geographic,unassigned,,,,,
982,geographic,unassigned,,,,,
983,geographic,in_service,US,CO,2022-06-17,303,10D
984,geographic,in_service,US,NC,2012-04-30,919,10D
985,geographic,in_service,US,LA,2001-02-12,504,7D
986,geographic,in_service,US,ID,2017-09-05,208,10D
987,geographic,unassigned,,,,,
988,non_geographic,not_assignable,,,,,
989,geographic,in_service,US,MI,2001-04-07,517,10D
990,non_geographic,reserved,,,,,
991,non_geographic,reserved,,,,,
992,non_geographic,reserved,,,,,
993,non_geographic,reserved,,,,,
994,non_geographic,reserved,,,,,
995,non_geographic,reserved,,,,,
996,non_geographic,reserved,,,,,
997,non_geographic,reserved,,,,,
998,non_geographic,reserved,,,,,
999,non_geographic,reserved,,,,,
